symbol,baseCoin,quoteCoin,fundingInterval,launchTime
1000000BABYDOGEUSDT,1000000BABYDOGE,USDT,240,2024-06-11 11:34:12
1000000CHEEMSUSDT,1000000CHEEMS,USDT,240,2024-11-25 10:40:12
1000000MOGUSDT,1000000MOG,USDT,240,2024-05-16 15:43:33
1000000PEIPEIUSDT,1000000PEIPEI,USDT,480,2024-07-04 10:16:29
10000COQUSDT,10000COQ,USDT,480,2024-03-12 08:48:52
10000ELONUSDT,10000ELON,USDT,240,2025-02-10 09:23:36
10000LADYSUSDT,10000LADYS,USDT,480,2023-05-11 10:48:22
10000QUBICUSDT,10000QUBIC,USDT,480,2024-12-24 09:53:58
10000SATSUSDT,10000SATS,USDT,240,2023-11-16 09:41:35
10000WENUSDT,10000WEN,USDT,480,2024-01-31 08:20:09
10000WHYUSDT,10000WHY,USDT,240,2024-10-04 08:28:01
1000APUUSDT,1000APU,USDT,480,2024-06-20 09:33:25
1000BONKPERP,1000BONK,USDC,480,2024-11-28 08:42:56
1000BONKUSDT,1000BONK,USDT,240,2023-01-06 02:10:39
1000BTTUSDT,1000BTT,USDT,480,2022-02-25 06:08:18
1000CATSUSDT,1000CATS,USDT,480,2024-10-11 07:56:28
1000CATUSDT,1000CAT,USDT,240,2024-09-12 11:35:05
1000FLOKIUSDT,1000FLOKI,USDT,480,2023-02-24 08:56:26
1000LUNCUSDT,1000LUNC,USDT,480,2022-09-09 00:00:01
1000MUMUUSDT,1000MUMU,USDT,480,2024-09-23 06:28:04
1000NEIROCTOUSDT,1000NEIROCTO,USDT,240,2024-09-16 09:47:04
1000PEPEPERP,1000PEPE,USDC,480,2024-04-24 12:15:05
1000PEPEUSDT,1000PEPE,USDT,480,2023-05-03 10:04:31
1000RATSUSDT,1000RATS,USDT,240,2023-11-22 06:14:14
1000TOSHIUSDT,1000TOSHI,USDT,240,2024-12-05 09:22:42
1000TURBOUSDT,1000TURBO,USDT,240,2024-02-29 11:12:19
1000XECUSDT,1000XEC,USDT,480,2022-04-13 03:20:36
1000XUSDT,1000X,USDT,240,2024-10-25 07:37:54
1INCHUSDT,1INCH,USDT,480,2021-12-06 00:00:00
A8USDT,A8,USDT,240,2024-07-22 09:52:33
AAVEPERP,AAVE,USDC,240,2025-04-30 08:59:38
AAVEUSDT,AAVE,USDT,480,2021-05-13 09:21:00
ACEUSDT,ACE,USDT,240,2023-12-18 06:49:35
ACHUSDT,ACH,USDT,240,2022-04-08 08:07:37
ACTUSDT,ACT,USDT,240,2024-11-11 08:14:12
ACXUSDT,ACX,USDT,240,2024-12-06 09:55:41
ADAUSDT,ADA,USDT,480,2021-01-15 00:00:00
AERGOUSDT,AERGO,USDT,240,2023-11-16 10:07:26
AEROUSDT,AERO,USDT,240,2024-07-15 09:05:08
AEVOPERP,AEVO,USDC,480,2024-05-08 08:43:43
AEVOUSDT,AEVO,USDT,240,2024-03-13 10:50:14
AGIUSDT,AGI,USDT,480,2023-11-17 08:27:44
AGLDUSDT,AGLD,USDT,480,2022-04-22 06:25:21
AI16ZUSDT,AI16Z,USDT,240,2024-12-30 08:17:38
AIOZUSDT,AIOZ,USDT,480,2024-06-13 08:16:01
AIUSDT,AI,USDT,240,2024-01-16 11:51:09
AIXBTUSDT,AIXBT,USDT,240,2024-12-20 08:38:27
AKTUSDT,AKT,USDT,240,2024-06-26 08:56:10
ALCHUSDT,ALCH,USDT,240,2025-01-07 07:32:11
ALEOUSDT,ALEO,USDT,480,2024-09-19 08:50:15
ALGOUSDT,ALGO,USDT,480,2021-09-23 00:00:00
ALICEUSDT,ALICE,USDT,480,2021-10-25 00:00:00
ALPHAUSDT,ALPHA,USDT,240,2022-03-30 07:41:40
ALTUSDT,ALT,USDT,240,2024-01-25 11:17:39
ALUUSDT,ALU,USDT,240,2025-01-14 08:02:02
ANIMEUSDT,ANIME,USDT,120,2025-01-23 14:20:24
ANKRUSDT,ANKR,USDT,480,2021-11-24 00:00:00
APEUSDT,APE,USDT,480,2022-03-18 02:44:37
API3USDT,API3,USDT,240,2022-02-28 03:30:09
APTUSDT,APT,USDT,480,2022-10-18 15:34:32
ARBPERP,ARB,USDC,480,2024-04-22 13:02:27
ARBUSDT,ARB,USDT,480,2023-03-23 09:27:40
ARCUSDT,ARC,USDT,240,2025-01-03 08:16:18
ARKMUSDT,ARKM,USDT,480,2023-07-28 01:41:11
ARKUSDT,ARK,USDT,240,2023-08-01 05:55:17
ARPAUSDT,ARPA,USDT,480,2022-04-19 12:01:43
ARUSDT,AR,USDT,480,2021-12-20 05:39:22
ASTRUSDT,ASTR,USDT,480,2022-04-04 03:48:42
ATAUSDT,ATA,USDT,480,2023-08-08 08:39:01
ATHUSDT,ATH,USDT,240,2024-06-13 09:01:44
ATOMUSDT,ATOM,USDT,480,2021-10-11 00:00:00
AUCTIONUSDT,AUCTION,USDT,240,2023-07-28 06:34:30
AUDIOUSDT,AUDIO,USDT,480,2021-11-26 00:00:00
AVAAIUSDT,AVAAI,USDT,240,2025-01-08 08:32:06
AVAILUSDT,AVAIL,USDT,480,2024-07-23 14:36:34
AVAUSDT,AVA,USDT,240,2024-12-16 10:11:33
AVAXUSDT,AVAX,USDT,480,2021-09-15 00:00:00
AVLUSDT,AVL,USDT,120,2025-02-20 10:53:11
AXLUSDT,AXL,USDT,240,2023-12-07 09:32:30
AXSUSDT,AXS,USDT,480,2021-08-12 00:00:00
B3USDT,B3,USDT,120,2025-02-12 10:16:21
BABYUSDT,BABY,USDT,120,2025-04-03 09:34:35
BADGERUSDT,BADGER,USDT,240,2023-08-16 08:31:58
BAKEUSDT,BAKE,USDT,480,2022-04-01 06:36:19
BALUSDT,BAL,USDT,480,2022-04-08 08:14:11
BANANAS31USDT,BANANAS31,USDT,240,2025-03-28 09:29:10
BANANAUSDT,BANANA,USDT,240,2024-07-19 10:49:43
BANDUSDT,BAND,USDT,480,2022-02-18 06:51:56
BANKUSDT,BANK,USDT,240,2025-05-08 08:51:51
BANUSDT,BAN,USDT,120,2024-11-18 08:39:50
BATUSDT,BAT,USDT,480,2021-11-24 00:00:00
BBUSDT,BB,USDT,240,2024-05-14 11:41:00
BCHPERP,BCH,USDC,240,2025-04-30 11:37:13
BCHUSDT,BCH,USDT,480,2018-01-01 00:00:00
BEAMUSDT,BEAM,USDT,240,2023-11-14 09:48:16
BELUSDT,BEL,USDT,480,2022-06-17 05:59:45
BERAUSDT,BERA,USDT,120,2025-02-06 13:16:28
BICOUSDT,BICO,USDT,480,2021-12-02 11:40:17
BIGTIMEUSDT,BIGTIME,USDT,240,2023-10-12 08:35:45
BIOUSDT,BIO,USDT,240,2024-12-24 09:54:54
BLASTUSDT,BLAST,USDT,480,2024-06-27 09:25:10
BLURUSDT,BLUR,USDT,480,2023-02-15 02:33:07
BMTUSDT,BMT,USDT,240,2025-03-13 07:58:44
BNBPERP,BNB,USDC,480,2022-09-29 13:47:22
BNBUSDT,BNB,USDT,480,2021-06-29 07:18:00
BNTUSDT,BNT,USDT,480,2023-08-07 05:18:53
BOBAUSDT,BOBA,USDT,480,2022-04-06 07:56:01
BOMEUSDT,BOME,USDT,240,2024-03-15 08:52:25
BRETTUSDT,BRETT,USDT,240,2024-04-26 08:17:24
BROCCOLIUSDT,BROCCOLI,USDT,240,2025-02-14 12:11:51
BRUSDT,BR,USDT,240,2025-03-20 13:19:48
BSVUSDT,BSV,USDT,240,2021-12-10 03:08:28
BSWUSDT,BSW,USDT,240,2022-03-23 06:32:06
BTCPERP,BTC,USDC,480,2021-01-14 06:03:51
BTCUSDT,BTC,USDT,480,2020-03-15 00:00:00
C98USDT,C98,USDT,480,2021-10-25 00:00:00
CAKEUSDT,CAKE,USDT,240,2023-11-03 10:00:36
CARVUSDT,CARV,USDT,240,2024-10-16 08:41:15
CATIUSDT,CATI,USDT,240,2024-09-09 08:15:12
CELOUSDT,CELO,USDT,480,2022-01-05 07:26:22
CELRUSDT,CELR,USDT,480,2021-10-25 00:00:00
CETUSUSDT,CETUS,USDT,240,2024-02-05 03:44:03
CFXUSDT,CFX,USDT,480,2023-02-20 09:05:25
CGPTUSDT,CGPT,USDT,120,2025-01-10 10:47:27
CHESSUSDT,CHESS,USDT,240,2024-09-02 08:28:35
CHILLGUYUSDT,CHILLGUY,USDT,240,2024-11-21 09:38:17
CHRUSDT,CHR,USDT,480,2021-11-18 00:00:00
CHZUSDT,CHZ,USDT,480,2021-10-12 00:00:00
CKBUSDT,CKB,USDT,480,2022-02-15 04:59:08
CLANKERUSDT,CLANKER,USDT,240,2025-04-28 10:16:10
CLOUDUSDT,CLOUD,USDT,480,2024-07-19 09:28:08
COMPUSDT,COMP,USDT,480,2021-08-12 00:00:00
COOKIEUSDT,COOKIE,USDT,240,2025-01-07 07:32:59
COOKUSDT,COOK,USDT,480,2024-12-02 07:47:24
COREUSDT,CORE,USDT,480,2023-02-09 07:25:14
COSUSDT,COS,USDT,240,2024-05-09 09:01:03
COTIUSDT,COTI,USDT,480,2021-12-02 11:38:37
COWUSDT,COW,USDT,120,2024-11-08 10:06:41
CPOOLUSDT,CPOOL,USDT,240,2025-03-06 08:03:31
CROUSDT,CRO,USDT,480,2021-11-23 00:00:00
CRVPERP,CRV,USDC,240,2025-04-30 10:51:39
CRVUSDT,CRV,USDT,480,2021-10-25 00:00:00
CTCUSDT,CTC,USDT,240,2022-05-17 07:57:50
CTKUSDT,CTK,USDT,240,2021-12-02 11:34:07
CTSIUSDT,CTSI,USDT,480,2022-03-23 06:55:11
CVCUSDT,CVC,USDT,480,2021-11-30 15:20:51
CVXUSDT,CVX,USDT,240,2022-04-20 07:38:02
CYBERUSDT,CYBER,USDT,240,2023-08-15 18:26:55
DARKUSDT,DARK,USDT,240,2025-04-25 15:34:50
DASHUSDT,DASH,USDT,480,2021-10-12 00:00:00
DATAUSDT,DATA,USDT,480,2023-12-20 06:45:17
DBRUSDT,DBR,USDT,480,2024-10-17 10:42:10
DEEPUSDT,DEEP,USDT,480,2024-10-17 11:49:14
DEGENUSDT,DEGEN,USDT,240,2024-04-01 11:38:03
DENTUSDT,DENT,USDT,480,2022-01-13 10:15:28
DEXEUSDT,DEXE,USDT,240,2024-07-25 09:08:59
DGBUSDT,DGB,USDT,480,2022-03-28 07:25:31
DODOUSDT,DODO,USDT,240,2022-04-20 12:30:00
DOGEPERP,DOGE,USDC,480,2024-04-22 13:46:47
DOGEUSDT,DOGE,USDT,480,2021-06-02 10:44:00
DOGSUSDT,DOGS,USDT,240,2024-08-26 12:16:35
DOGUSDT,DOG,USDT,480,2024-06-04 09:58:40
DOODUSDT,DOOD,USDT,240,2025-05-09 13:20:33
DOTPERP,DOT,USDC,480,2024-11-28 09:24:25
DOTUSDT,DOT,USDT,480,2021-03-18 09:34:00
DRIFTUSDT,DRIFT,USDT,240,2024-05-21 09:32:48
DUCKUSDT,DUCK,USDT,240,2025-01-16 10:21:28
DUSKUSDT,DUSK,USDT,480,2021-12-16 16:45:30
DYDXUSDT,DYDX,USDT,480,2021-10-11 00:00:00
DYMUSDT,DYM,USDT,240,2024-02-07 02:36:50
EDUUSDT,EDU,USDT,480,2023-05-05 07:55:34
EGLDUSDT,EGLD,USDT,480,2021-11-22 16:00:00
EIGENUSDT,EIGEN,USDT,240,2024-08-06 03:43:33
ELXUSDT,ELX,USDT,240,2025-03-12 07:05:40
ENAPERP,ENA,USDC,480,2024-11-28 10:03:26
ENAUSDT,ENA,USDT,240,2024-04-02 09:42:46
ENJUSDT,ENJ,USDT,480,2021-10-31 16:00:00
ENSUSDT,ENS,USDT,480,2021-11-12 00:00:00
EOSUSDT,EOS,USDT,480,2021-06-29 06:59:00
EPICUSDT,EPIC,USDT,240,2025-03-14 08:18:01
EPTUSDT,EPT,USDT,240,2025-04-21 12:22:39
ETCPERP,ETC,USDC,480,2022-09-01 00:00:00
ETCUSDT,ETC,USDT,480,2021-06-29 07:04:00
ETHBTCUSDT,ETHBTC,USDT,480,2024-06-07 08:32:58
ETHFIPERP,ETHFI,USDC,480,2024-04-24 12:21:09
ETHFIUSDT,ETHFI,USDT,240,2024-03-18 13:16:43
ETHPERP,ETH,USDC,480,2022-08-05 00:00:00
ETHUSDT,ETH,USDT,480,2021-03-15 00:00:00
ETHWUSDT,ETHW,USDT,240,2022-09-16 00:00:00
FARTCOINUSDT,FARTCOIN,USDT,240,2024-12-20 08:37:27
FBUSDT,FB,USDT,480,2024-09-25 09:02:12
FHEUSDT,FHE,USDT,240,2025-04-16 09:28:20
FIDAUSDT,FIDA,USDT,240,2024-09-25 09:03:14
FILUSDT,FIL,USDT,480,2021-06-29 07:15:00
FIOUSDT,FIO,USDT,240,2024-09-26 06:06:25
FLMUSDT,FLM,USDT,240,2022-05-02 05:00:12
FLOCKUSDT,FLOCK,USDT,240,2025-01-09 08:50:07
FLOWUSDT,FLOW,USDT,480,2021-11-25 16:00:00
FLRUSDT,FLR,USDT,480,2023-03-16 07:58:28
FLUXUSDT,FLUX,USDT,240,2024-09-04 08:31:03
FORMUSDT,FORM,USDT,240,2025-03-19 09:56:07
FORTHUSDT,FORTH,USDT,480,2023-08-01 05:47:19
FOXYUSDT,FOXY,USDT,480,2024-04-12 10:10:05
FTNUSDT,FTN,USDT,480,2024-05-16 10:12:22
FUELUSDT,FUEL,USDT,240,2024-12-31 07:29:05
FUSDT,F,USDT,480,2024-12-06 10:18:12
FWOGUSDT,FWOG,USDT,480,2024-11-12 09:03:07
FXSUSDT,FXS,USDT,480,2022-04-04 04:00:20
GALAUSDT,GALA,USDT,480,2021-11-09 00:00:00
GASUSDT,GAS,USDT,120,2023-10-23 07:09:12
GIGAUSDT,GIGA,USDT,240,2024-12-12 07:42:26
GLMRUSDT,GLMR,USDT,480,2022-03-30 09:40:50
GLMUSDT,GLM,USDT,240,2023-08-10 04:57:59
GMTUSDT,GMT,USDT,480,2022-03-19 05:25:11
GMXUSDT,GMX,USDT,480,2022-10-10 07:06:10
GNOUSDT,GNO,USDT,480,2024-05-14 11:47:55
GOATUSDT,GOAT,USDT,240,2024-10-22 10:44:24
GODSUSDT,GODS,USDT,240,2023-11-22 05:02:21
GOMININGUSDT,GOMINING,USDT,480,2024-10-02 08:11:49
GORKUSDT,GORK,USDT,240,2025-05-05 10:26:58
GPSUSDT,GPS,USDT,240,2025-02-18 08:15:43
GRASSUSDT,GRASS,USDT,240,2024-10-15 10:12:03
GRIFFAINUSDT,GRIFFAIN,USDT,240,2024-12-20 08:39:59
GRTUSDT,GRT,USDT,480,2021-12-06 00:00:00
GTCUSDT,GTC,USDT,480,2021-11-29 00:00:00
GUNUSDT,GUN,USDT,240,2025-03-31 13:12:09
GUSDT,G,USDT,240,2024-07-25 09:07:16
HAEDALUSDT,HAEDAL,USDT,240,2025-04-30 11:29:53
HBARUSDT,HBAR,USDT,480,2021-10-25 00:00:00
HEIUSDT,HEI,USDT,240,2025-02-14 09:23:35
HFTUSDT,HFT,USDT,480,2023-03-14 06:45:49
HIFIUSDT,HIFI,USDT,240,2023-08-28 08:12:02
HIGHUSDT,HIGH,USDT,480,2023-02-07 08:42:50
HIPPOUSDT,HIPPO,USDT,240,2024-11-14 07:56:07
HIVEUSDT,HIVE,USDT,120,2024-12-23 10:34:00
HMSTRUSDT,HMSTR,USDT,240,2024-09-11 06:08:16
HNTUSDT,HNT,USDT,480,2022-01-24 06:47:20
HOOKUSDT,HOOK,USDT,480,2023-02-07 08:25:52
HOTUSDT,HOT,USDT,480,2022-03-28 06:49:16
HPOS10IUSDT,HPOS10I,USDT,480,2024-10-21 07:56:01
HYPEPERP,HYPE,USDC,240,2025-04-30 10:14:50
HYPERUSDT,HYPER,USDT,240,2025-04-22 12:07:07
HYPEUSDT,HYPE,USDT,480,2024-12-04 12:52:20
ICPUSDT,ICP,USDT,480,2021-09-15 00:00:00
ICXUSDT,ICX,USDT,480,2022-04-13 06:22:15
IDEXUSDT,IDEX,USDT,480,2023-05-23 06:10:36
IDUSDT,ID,USDT,480,2023-03-24 06:29:48
ILVUSDT,ILV,USDT,240,2021-11-26 00:00:00
IMXUSDT,IMX,USDT,240,2021-11-24 00:00:00
INITUSDT,INIT,USDT,240,2025-04-14 07:34:53
INJUSDT,INJ,USDT,480,2022-08-17 00:00:00
IOSTUSDT,IOST,USDT,480,2021-10-12 00:00:00
IOTAUSDT,IOTA,USDT,480,2021-12-29 10:16:33
IOTXUSDT,IOTX,USDT,480,2021-11-12 00:00:00
IOUSDT,IO,USDT,240,2024-06-11 13:49:00
IPUSDT,IP,USDT,120,2025-02-07 08:28:16
JASMYUSDT,JASMY,USDT,480,2022-01-19 06:36:42
JELLYJELLYUSDT,JELLYJELLY,USDT,240,2025-01-30 06:45:11
JOEUSDT,JOE,USDT,480,2023-03-29 04:02:48
JSTUSDT,JST,USDT,480,2022-02-18 06:45:41
JTOUSDT,JTO,USDT,240,2023-12-07 19:50:19
JUPUSDT,JUP,USDT,240,2024-01-31 15:51:07
JUSDT,J,USDT,240,2025-01-22 10:36:51
KAIAUSDT,KAIA,USDT,240,2024-11-01 08:24:34
KAITOUSDT,KAITO,USDT,60,2025-02-20 13:22:07
KASUSDT,KAS,USDT,240,2023-08-04 08:34:41
KAVAUSDT,KAVA,USDT,480,2022-01-10 07:54:47
KDAUSDT,KDA,USDT,240,2022-03-15 02:37:12
KERNELUSDT,KERNEL,USDT,240,2025-04-14 12:07:24
KMNOUSDT,KMNO,USDT,240,2024-10-09 08:52:41
KNCUSDT,KNC,USDT,480,2022-01-10 07:40:34
KOMAUSDT,KOMA,USDT,240,2024-12-10 13:35:47
KSMUSDT,KSM,USDT,480,2021-10-12 00:00:00
L3USDT,L3,USDT,480,2024-07-31 09:10:09
LAUNCHCOINUSDT,LAUNCHCOIN,USDT,240,2025-05-14 09:04:36
LDOUSDT,LDO,USDT,480,2022-07-20 06:53:39
LEVERUSDT,LEVER,USDT,480,2023-06-05 10:24:01
LINKPERP,LINK,USDC,480,2024-11-28 08:47:18
LINKUSDT,LINK,USDT,480,2018-01-01 00:00:00
LISTAUSDT,LISTA,USDT,240,2024-06-21 10:16:55
LOOKSUSDT,LOOKS,USDT,480,2022-01-24 06:37:12
LPTUSDT,LPT,USDT,240,2021-12-13 01:12:39
LQTYUSDT,LQTY,USDT,480,2023-03-13 08:06:00
LRCUSDT,LRC,USDT,480,2021-11-11 00:00:00
LSKUSDT,LSK,USDT,240,2024-01-02 15:22:55
LTCPERP,LTC,USDC,240,2025-04-30 11:02:17
LTCUSDT,LTC,USDT,480,2018-01-01 00:00:00
LUMIAUSDT,LUMIA,USDT,240,2024-10-25 07:36:02
LUNA2USDT,LUNA2,USDT,480,2022-05-31 07:50:03
MAGICUSDT,MAGIC,USDT,120,2022-12-13 02:18:41
MAJORUSDT,MAJOR,USDT,480,2024-11-18 09:18:02
MANAUSDT,MANA,USDT,480,2021-11-08 00:00:00
MANTAUSDT,MANTA,USDT,240,2024-01-18 11:02:58
MASAUSDT,MASA,USDT,480,2024-05-21 09:34:52
MASKUSDT,MASK,USDT,480,2021-12-02 11:29:02
MAVIAUSDT,MAVIA,USDT,240,2024-02-07 09:12:26
MAVUSDT,MAV,USDT,480,2023-06-28 09:40:09
MBLUSDT,MBL,USDT,480,2023-11-14 10:40:25
MBOXUSDT,MBOX,USDT,240,2024-01-18 10:45:43
MDTUSDT,MDT,USDT,480,2023-06-30 08:04:46
MELANIAUSDT,MELANIA,USDT,240,2025-01-20 05:13:39
MEMEUSDT,MEME,USDT,240,2023-11-03 08:48:45
MERLUSDT,MERL,USDT,480,2024-04-19 11:02:21
METISUSDT,METIS,USDT,240,2024-01-02 15:05:24
MEUSDT,ME,USDT,240,2024-11-25 08:03:15
MEWUSDT,MEW,USDT,240,2024-04-23 09:15:41
MICHIUSDT,MICHI,USDT,240,2025-01-27 03:25:41
MILKUSDT,MILK,USDT,240,2025-05-06 10:28:08
MINAUSDT,MINA,USDT,240,2022-04-06 07:03:33
MKRUSDT,MKR,USDT,480,2022-02-15 04:47:15
MLNUSDT,MLN,USDT,240,2025-04-09 08:04:46
MNTPERP,MNT,USDC,480,2024-04-24 12:48:18
MNTUSDT,MNT,USDT,480,2023-10-02 05:40:55
MOBILEUSDT,MOBILE,USDT,480,2024-02-22 10:39:21
MOCAUSDT,MOCA,USDT,240,2024-07-12 09:57:42
MOODENGUSDT,MOODENG,USDT,240,2024-10-01 06:59:06
MORPHOUSDT,MORPHO,USDT,240,2024-11-22 08:35:59
MOVEUSDT,MOVE,USDT,120,2024-12-09 12:06:17
MOVRUSDT,MOVR,USDT,240,2023-11-23 06:09:22
MTLUSDT,MTL,USDT,480,2022-04-13 06:34:50
MUBARAKUSDT,MUBARAK,USDT,240,2025-03-17 07:41:36
MVLUSDT,MVL,USDT,480,2024-11-29 07:11:26
MYRIAUSDT,MYRIA,USDT,480,2023-12-15 06:14:39
MYROUSDT,MYRO,USDT,240,2024-01-18 13:39:51
NCUSDT,NC,USDT,240,2025-01-17 10:35:59
NEARUSDT,NEAR,USDT,480,2021-10-11 00:00:00
NEIROETHUSDT,NEIROETH,USDT,240,2024-08-15 09:08:49
NEOUSDT,NEO,USDT,480,2022-01-30 02:20:29
NFPUSDT,NFP,USDT,240,2023-12-27 10:30:25
NILUSDT,NIL,USDT,240,2025-03-20 10:55:46
NKNUSDT,NKN,USDT,240,2023-02-21 06:18:51
NMRUSDT,NMR,USDT,240,2023-09-04 05:16:32
NOTPERP,NOT,USDC,480,2024-09-18 10:05:48
NOTUSDT,NOT,USDT,240,2024-05-16 15:41:23
NSUSDT,NS,USDT,480,2024-12-20 08:39:10
NTRNUSDT,NTRN,USDT,240,2023-10-10 11:14:38
NXPCUSDT,NXPC,USDT,240,2025-05-15 06:19:25
OBOLUSDT,OBOL,USDT,240,2025-05-07 11:29:28
OBTUSDT,OBT,USDT,240,2025-04-25 09:18:13
OGNUSDT,OGN,USDT,480,2022-03-19 06:30:19
OGUSDT,OG,USDT,480,2023-08-28 08:19:57
OLUSDT,OL,USDT,480,2024-11-21 08:49:56
OMGUSDT,OMG,USDT,480,2021-10-12 00:00:00
OMNIUSDT,OMNI,USDT,240,2024-04-17 12:57:21
OMUSDT,OM,USDT,240,2024-03-18 06:31:41
ONDOPERP,ONDO,USDC,480,2024-05-08 08:27:49
ONDOUSDT,ONDO,USDT,240,2024-01-22 10:29:52
ONEUSDT,ONE,USDT,480,2021-10-25 00:00:00
ONGUSDT,ONG,USDT,240,2023-11-28 07:14:23
ONTUSDT,ONT,USDT,240,2022-06-06 06:37:00
OPPERP,OP,USDC,480,2022-09-01 00:00:00
OPUSDT,OP,USDT,480,2022-06-01 04:51:03
ORBSUSDT,ORBS,USDT,240,2023-10-09 07:45:42
ORCAUSDT,ORCA,USDT,120,2024-04-01 09:22:09
ORDERUSDT,ORDER,USDT,480,2024-08-27 09:02:16
ORDIPERP,ORDI,USDC,480,2024-04-22 13:30:03
ORDIUSDT,ORDI,USDT,240,2023-05-22 07:10:10
OSMOUSDT,OSMO,USDT,480,2024-05-30 09:08:43
OXTUSDT,OXT,USDT,480,2023-08-10 04:52:51
PARTIUSDT,PARTI,USDT,240,2025-03-25 13:08:54
PAXGUSDT,PAXG,USDT,240,2022-03-14 08:07:06
PEAQUSDT,PEAQ,USDT,480,2024-11-19 08:31:41
PENDLEUSDT,PENDLE,USDT,480,2023-07-05 07:26:42
PENGUUSDT,PENGU,USDT,240,2024-12-17 14:22:26
PEOPLEUSDT,PEOPLE,USDT,480,2021-12-29 03:37:04
PERPUSDT,PERP,USDT,240,2023-09-06 06:31:05
PHAUSDT,PHA,USDT,240,2024-05-31 10:02:00
PHBUSDT,PHB,USDT,480,2023-05-18 07:57:25
PIPPINUSDT,PIPPIN,USDT,240,2025-01-17 08:38:42
PIXELUSDT,PIXEL,USDT,240,2024-02-20 08:06:10
PLUMEUSDT,PLUME,USDT,240,2025-01-24 06:45:00
PNUTUSDT,PNUT,USDT,240,2024-11-11 08:16:46
POLPERP,POL,USDC,480,2024-09-18 10:10:49
POLUSDT,POL,USDT,240,2024-09-05 08:30:13
POLYXUSDT,POLYX,USDT,240,2023-10-24 06:46:36
PONKEUSDT,PONKE,USDT,240,2024-06-07 08:35:07
POPCATPERP,POPCAT,USDC,480,2024-09-18 10:00:13
POPCATUSDT,POPCAT,USDT,240,2024-03-28 07:01:59
PORTALUSDT,PORTAL,USDT,240,2024-03-01 03:40:58
POWRUSDT,POWR,USDT,240,2023-10-24 07:01:22
PRCLUSDT,PRCL,USDT,480,2024-07-17 09:31:26
PRIMEUSDT,PRIME,USDT,480,2024-09-30 07:52:41
PROMPTUSDT,PROMPT,USDT,240,2025-04-10 14:06:05
PROMUSDT,PROM,USDT,240,2023-09-05 05:29:56
PUFFERUSDT,PUFFER,USDT,480,2024-10-14 12:37:01
PUMPUSDT,PUMP,USDT,240,2025-04-11 08:16:34
PUNDIXUSDT,PUNDIX,USDT,240,2025-04-30 11:12:00
PYRUSDT,PYR,USDT,480,2024-10-07 08:19:21
PYTHUSDT,PYTH,USDT,240,2023-11-21 05:09:10
QIUSDT,QI,USDT,480,2023-12-12 07:12:19
QNTUSDT,QNT,USDT,480,2023-06-19 06:00:00
QTUMUSDT,QTUM,USDT,480,2021-12-13 00:49:26
QUICKUSDT,QUICK,USDT,240,2024-09-10 08:57:01
RADUSDT,RAD,USDT,480,2023-06-08 07:42:54
RAREUSDT,RARE,USDT,240,2023-11-27 06:48:04
RAYDIUMUSDT,RAYDIUM,USDT,240,2024-06-04 09:11:59
RDNTUSDT,RDNT,USDT,480,2023-04-17 07:05:07
REDUSDT,RED,USDT,240,2025-02-26 06:50:52
RENDERUSDT,RENDER,USDT,240,2024-07-26 08:26:47
REQUSDT,REQ,USDT,480,2021-12-06 00:00:00
REXUSDT,REX,USDT,480,2025-01-09 08:47:36
REZUSDT,REZ,USDT,240,2024-05-08 07:53:17
RFCUSDT,RFC,USDT,240,2025-04-14 07:30:29
RIFUSDT,RIF,USDT,240,2023-10-23 06:53:36
RLCUSDT,RLC,USDT,480,2023-03-22 07:08:19
ROAMUSDT,ROAM,USDT,240,2025-03-07 07:40:31
RONINUSDT,RONIN,USDT,240,2025-02-13 07:11:13
ROSEUSDT,ROSE,USDT,480,2022-01-14 06:03:51
RPLUSDT,RPL,USDT,240,2023-03-01 07:32:26
RSRUSDT,RSR,USDT,480,2021-11-30 15:28:21
RSS3USDT,RSS3,USDT,480,2022-02-23 01:54:14
RUNEUSDT,RUNE,USDT,480,2021-11-29 00:00:00
RVNUSDT,RVN,USDT,480,2022-01-06 07:27:47
SAFEUSDT,SAFE,USDT,240,2024-04-29 09:24:49
SAGAUSDT,SAGA,USDT,240,2024-04-09 11:29:14
SANDUSDT,SAND,USDT,480,2021-11-01 00:00:00
SCAUSDT,SCA,USDT,480,2024-03-13 06:17:40
SCRTUSDT,SCRT,USDT,240,2022-03-30 09:50:43
SCRUSDT,SCR,USDT,240,2024-10-08 12:25:58
SCUSDT,SC,USDT,240,2021-11-30 15:25:58
SDUSDT,SD,USDT,480,2024-11-14 07:53:31
SEIUSDT,SEI,USDT,480,2023-08-16 03:28:47
SENDUSDT,SEND,USDT,240,2024-12-13 08:31:47
SERAPHUSDT,SERAPH,USDT,240,2025-03-11 08:16:28
SFPUSDT,SFP,USDT,480,2021-11-26 00:00:00
SHELLUSDT,SHELL,USDT,240,2025-02-17 07:33:43
SHIB1000PERP,SHIB1000,USDC,480,2024-05-10 09:28:29
SHIB1000USDT,SHIB1000,USDT,480,2021-10-20 00:00:00
SIGNUSDT,SIGN,USDT,60,2025-04-28 11:09:23
SIRENUSDT,SIREN,USDT,240,2025-03-22 03:20:42
SKLUSDT,SKL,USDT,480,2022-03-22 08:29:48
SKYAIUSDT,SKYAI,USDT,240,2025-05-13 10:20:53
SLERFUSDT,SLERF,USDT,240,2024-03-18 11:25:01
SLFUSDT,SLF,USDT,480,2024-09-03 08:59:13
SLPUSDT,SLP,USDT,480,2021-11-17 16:00:00
SNTUSDT,SNT,USDT,240,2023-11-02 08:28:14
SNXUSDT,SNX,USDT,480,2021-12-13 01:01:18
SOLAYERUSDT,SOLAYER,USDT,60,2025-02-11 14:12:56
SOLOUSDT,SOLO,USDT,480,2024-12-26 07:56:52
SOLPERP,SOL,USDC,480,2022-08-05 00:00:00
SOLUSDT,SOL,USDT,480,2021-10-15 00:00:00
SOLVUSDT,SOLV,USDT,240,2025-01-17 10:21:51
SONICUSDT,SONIC,USDT,120,2025-01-07 12:24:55
SPECUSDT,SPEC,USDT,480,2024-05-27 07:59:55
SPELLUSDT,SPELL,USDT,480,2021-12-13 01:21:09
SPXUSDT,SPX,USDT,240,2024-10-29 06:31:37
SSVUSDT,SSV,USDT,480,2023-03-01 07:27:50
STEEMUSDT,STEEM,USDT,240,2023-10-25 06:29:42
STGUSDT,STG,USDT,480,2022-08-26 05:57:39
STORJUSDT,STORJ,USDT,480,2021-11-22 00:00:00
STOUSDT,STO,USDT,240,2025-04-16 09:28:55
STRKPERP,STRK,USDC,480,2024-05-08 07:59:41
STRKUSDT,STRK,USDT,240,2024-02-20 13:42:06
STXUSDT,STX,USDT,480,2021-11-30 07:59:43
SUIPERP,SUI,USDC,480,2024-04-26 09:37:30
SUIUSDT,SUI,USDT,480,2023-05-02 12:15:24
SUNDOGUSDT,SUNDOG,USDT,480,2024-08-26 07:28:46
SUNUSDT,SUN,USDT,240,2022-02-18 06:38:34
SUPERUSDT,SUPER,USDT,240,2023-11-23 06:16:26
SUSDT,S,USDT,240,2025-01-15 08:47:20
SUSHIUSDT,SUSHI,USDT,480,2021-11-30 00:00:00
SWARMSUSDT,SWARMS,USDT,240,2025-01-06 08:31:58
SWEATUSDT,SWEAT,USDT,240,2022-11-03 15:10:53
SWELLUSDT,SWELL,USDT,240,2024-11-07 10:19:24
SXPUSDT,SXP,USDT,480,2021-12-08 03:01:21
SXTUSDT,SXT,USDT,240,2025-05-03 06:12:15
SYNUSDT,SYN,USDT,240,2024-08-20 09:28:33
SYSUSDT,SYS,USDT,240,2024-08-20 09:31:20
TAIKOUSDT,TAIKO,USDT,480,2024-06-05 14:17:35
TAIUSDT,TAI,USDT,480,2024-11-14 07:55:15
TAOUSDT,TAO,USDT,240,2024-01-30 07:51:21
THETAUSDT,THETA,USDT,480,2021-08-12 00:00:00
THEUSDT,THE,USDT,240,2024-11-27 08:50:04
TIAPERP,TIA,USDC,480,2024-05-10 07:56:28
