rebalance_date,symbol,spot_symbol,linear_data_available,spot_data_available,both_available,linear_price_available,spot_price_available,prices_available,entry_timestamp,linear_price,spot_price,avg_funding_rate,bitcoin_proxy_used,bitcoin_proxy_attempted
2024-01-01 00:00:00+00:00,MAGICUSDT,MAGICUSDT,True,True,True,True,True,True,2024-01-01 00:00:00+00:00,1.086,1.0853,127.31742285714286,False,False
2024-01-01 00:00:00+00:00,BSWUSDT,BSWUSDT,True,False,False,True,False,False,2024-01-01 00:00:00+00:00,0.11457,,118.85077857142856,False,False
2024-01-01 00:00:00+00:00,GASUSDT,GASUSDT,True,True,True,True,True,True,2024-01-01 00:00:00+00:00,6.827,1.4555e-06,111.00234,False,False
2024-01-01 00:00:00+00:00,KASUSDT,KASUSDT,True,True,True,True,True,True,2024-01-01 00:00:00+00:00,0.11338,0.11308,85.42866714285714,False,False
2024-01-01 00:00:00+00:00,NFPUSDT,NFPUSDT,True,False,False,True,False,False,2024-01-01 00:00:00+00:00,0.8701,,84.94165285714286,False,False
2024-01-08 00:00:00+00:00,1000BONKUSDT,BONKUSDT,True,True,True,True,True,True,2024-01-08 00:00:00+00:00,0.010025,1.00162e-05,37.94300142857143,False,False
2024-01-08 00:00:00+00:00,HIFIUSDT,HIFIUSDT,True,False,False,True,False,False,2024-01-08 00:00:00+00:00,0.6125,,33.131258571428575,False,False
2024-01-15 00:00:00+00:00,POLYXUSDT,POLYXUSDT,True,False,False,True,False,False,2024-01-15 00:00:00+00:00,0.1689,,70.49234571428572,False,False
2024-01-15 00:00:00+00:00,POWRUSDT,POWRUSDT,True,False,False,True,False,False,2024-01-15 00:00:00+00:00,0.3733,,57.93467714285715,False,False
2024-01-15 00:00:00+00:00,HIFIUSDT,HIFIUSDT,True,False,False,True,False,False,2024-01-15 00:00:00+00:00,0.6222,,44.937131428571426,False,False
2024-01-22 00:00:00+00:00,ONDOUSDT,ONDOUSDT,True,True,True,False,False,False,2024-01-22 00:00:00+00:00,,,33.91717411764706,False,False
2024-01-22 00:00:00+00:00,HIFIUSDT,HIFIUSDT,True,False,False,True,False,False,2024-01-22 00:00:00+00:00,0.6139,,32.339104285714285,False,False
2024-01-29 00:00:00+00:00,TAOUSDT,TAOUSDT,True,False,False,False,False,False,2024-01-29 00:00:00+00:00,,,144.15159705882354,False,False
2024-01-29 00:00:00+00:00,10000WENUSDT,WENUSDT,True,True,True,False,False,False,2024-01-29 00:00:00+00:00,,,108.98804538461539,False,False
2024-01-29 00:00:00+00:00,JUPUSDT,JUPUSDT,True,True,True,False,False,False,2024-01-29 00:00:00+00:00,,,49.33547769230769,False,False
2024-02-05 00:00:00+00:00,TAOUSDT,TAOUSDT,True,False,False,True,False,False,2024-02-05 00:00:00+00:00,421.9,,175.33004428571428,False,False
2024-02-05 00:00:00+00:00,DYMUSDT,DYMUSDT,True,True,True,False,False,False,2024-02-05 00:00:00+00:00,,,78.36836785714286,False,False
2024-02-05 00:00:00+00:00,ONDOUSDT,ONDOUSDT,True,True,True,True,True,True,2024-02-05 00:00:00+00:00,0.2064,0.20614,77.50441285714285,False,False
2024-02-05 00:00:00+00:00,JUPUSDT,JUPUSDT,True,True,True,True,True,True,2024-02-05 00:00:00+00:00,0.5272,0.5269,63.68436571428571,False,False
2024-02-05 00:00:00+00:00,MYROUSDT,MYROUSDT,True,True,True,True,True,True,2024-02-05 00:00:00+00:00,0.0791,0.0791,55.09341285714285,False,False
2024-02-12 00:00:00+00:00,TAOUSDT,TAOUSDT,True,False,False,True,False,False,2024-02-12 00:00:00+00:00,546.18,,215.08553142857141,False,False
2024-02-12 00:00:00+00:00,AIUSDT,AIUSDT,True,False,False,True,False,False,2024-02-12 00:00:00+00:00,1.4679,,163.31153285714285,False,False
2024-02-12 00:00:00+00:00,LSKUSDT,LSKUSDT,True,False,False,True,False,False,2024-02-12 00:00:00+00:00,1.364,,143.88592,False,False
2024-02-12 00:00:00+00:00,NFPUSDT,NFPUSDT,True,False,False,True,False,False,2024-02-12 00:00:00+00:00,0.5982,,111.6178342857143,False,False
2024-02-19 00:00:00+00:00,METISUSDT,METISUSDT,True,False,False,True,False,False,2024-02-19 00:00:00+00:00,88.51,,145.03869428571429,False,False
2024-02-19 00:00:00+00:00,TAOUSDT,TAOUSDT,True,False,False,True,False,False,2024-02-19 00:00:00+00:00,647.92,,143.58881,False,False
2024-02-19 00:00:00+00:00,CVXUSDT,CVXUSDT,True,False,False,True,False,False,2024-02-19 00:00:00+00:00,4.428,,118.25436857142856,False,False
2024-02-19 00:00:00+00:00,NKNUSDT,NKNUSDT,True,False,False,True,False,False,2024-02-19 00:00:00+00:00,0.12792,,114.2470857142857,False,False
2024-02-19 00:00:00+00:00,MOBILEUSDT,MOBILEUSDT,True,False,False,False,False,False,2024-02-19 00:00:00+00:00,,,113.3266965,False,False
2024-02-26 00:00:00+00:00,1000TURBOUSDT,TURBOUSDT,True,False,False,False,False,False,2024-02-26 00:00:00+00:00,,,362.109492,False,False
2024-02-26 00:00:00+00:00,TAOUSDT,TAOUSDT,True,False,False,True,False,False,2024-02-26 00:00:00+00:00,567.78,,327.01173857142857,False,False
2024-02-26 00:00:00+00:00,PORTALUSDT,PORTALUSDT,True,True,True,False,False,False,2024-02-26 00:00:00+00:00,,,316.03999500000003,False,False
2024-02-26 00:00:00+00:00,CVXUSDT,CVXUSDT,True,False,False,True,False,False,2024-02-26 00:00:00+00:00,4.96,,285.52615142857144,False,False
2024-02-26 00:00:00+00:00,PROMUSDT,PROMUSDT,True,False,False,True,False,False,2024-02-26 00:00:00+00:00,11.417,,271.4506042857143,False,False
2024-03-04 00:00:00+00:00,GLMUSDT,GLMUSDT,True,False,False,True,False,False,2024-03-04 00:00:00+00:00,0.72123,,362.5753571428572,False,False
2024-03-04 00:00:00+00:00,TAOUSDT,TAOUSDT,True,False,False,True,False,False,2024-03-04 00:00:00+00:00,646.36,,351.65111571428577,False,False
2024-03-04 00:00:00+00:00,KASUSDT,KASUSDT,True,True,True,True,True,True,2024-03-04 00:00:00+00:00,0.16936,0.16888,347.3666414285714,False,False
2024-03-04 00:00:00+00:00,POLYXUSDT,POLYXUSDT,True,False,False,True,False,False,2024-03-04 00:00:00+00:00,0.23,,322.38896142857146,False,False
2024-03-04 00:00:00+00:00,PROMUSDT,PROMUSDT,True,False,False,True,False,False,2024-03-04 00:00:00+00:00,11.214,,317.11179142857145,False,False
2024-03-11 00:00:00+00:00,BOMEUSDT,BOMEUSDT,True,True,True,False,False,False,2024-03-11 00:00:00+00:00,,,365.8764171428571,False,False
2024-03-11 00:00:00+00:00,GASUSDT,GASUSDT,True,True,True,True,True,True,2024-03-11 00:00:00+00:00,6.904,1.4555e-06,307.9196314285714,False,False
2024-03-11 00:00:00+00:00,PROMUSDT,PROMUSDT,True,False,False,True,False,False,2024-03-11 00:00:00+00:00,13.998,,285.9914742857143,False,False
2024-03-11 00:00:00+00:00,SUPERUSDT,SUPERUSDT,True,False,False,True,False,False,2024-03-11 00:00:00+00:00,1.3873,,261.9523657142857,False,False
2024-03-11 00:00:00+00:00,TAOUSDT,TAOUSDT,True,False,False,True,False,False,2024-03-11 00:00:00+00:00,680.62,,256.28068285714284,False,False
2024-03-18 00:00:00+00:00,SLERFUSDT,SLERFUSDT,True,False,False,False,False,False,2024-03-18 00:00:00+00:00,,,235.98771473684212,False,False
2024-03-18 00:00:00+00:00,TAOUSDT,TAOUSDT,True,False,False,True,False,False,2024-03-18 00:00:00+00:00,674.09,,86.96761142857143,False,False
2024-03-18 00:00:00+00:00,PROMUSDT,PROMUSDT,True,False,False,True,False,False,2024-03-18 00:00:00+00:00,13.082,,80.95512285714287,False,False
2024-03-18 00:00:00+00:00,BIGTIMEUSDT,BIGTIMEUSDT,True,False,False,True,False,False,2024-03-18 00:00:00+00:00,0.4032,,77.69358714285714,False,False
2024-03-25 00:00:00+00:00,POPCATUSDT,POPCATUSDT,True,True,True,False,False,False,2024-03-25 00:00:00+00:00,,,461.63288727272726,False,False
2024-03-25 00:00:00+00:00,TAOUSDT,TAOUSDT,True,False,False,True,False,False,2024-03-25 00:00:00+00:00,596.77,,305.8719814285714,False,False
2024-03-25 00:00:00+00:00,SLERFUSDT,SLERFUSDT,True,False,False,True,False,False,2024-03-25 00:00:00+00:00,0.5663,,261.2130842857143,False,False
2024-03-25 00:00:00+00:00,BIGTIMEUSDT,BIGTIMEUSDT,True,False,False,True,False,False,2024-03-25 00:00:00+00:00,0.3585,,230.43889142857145,False,False
2024-04-01 00:00:00+00:00,POPCATUSDT,POPCATUSDT,True,True,True,True,False,False,2024-04-01 00:00:00+00:00,0.4026,,158.9508257142857,False,False
2024-04-01 00:00:00+00:00,SLERFUSDT,SLERFUSDT,True,False,False,True,False,False,2024-04-01 00:00:00+00:00,0.6293,,134.92975857142858,False,False
2024-04-01 00:00:00+00:00,DEGENUSDT,DEGENUSDT,True,True,True,False,False,False,2024-04-01 00:00:00+00:00,,,123.31809315789472,False,False
2024-04-01 00:00:00+00:00,TAOUSDT,TAOUSDT,True,False,False,True,False,False,2024-04-01 00:00:00+00:00,531.7,,116.19264,False,False
2024-04-08 00:00:00+00:00,TAOUSDT,TAOUSDT,True,False,False,True,False,False,2024-04-08 00:00:00+00:00,565.01,,123.27520428571428,False,False
2024-04-08 00:00:00+00:00,POPCATUSDT,POPCATUSDT,True,True,True,True,False,False,2024-04-08 00:00:00+00:00,0.2829,,109.0409342857143,False,False
2024-04-08 00:00:00+00:00,NKNUSDT,NKNUSDT,True,False,False,True,False,False,2024-04-08 00:00:00+00:00,0.19876,,93.31923714285715,False,False
2024-04-08 00:00:00+00:00,BEAMUSDT,BEAMUSDT,True,True,True,True,True,True,2024-04-08 00:00:00+00:00,0.031912,0.031858,78.29959142857143,False,False
2024-04-22 00:00:00+00:00,POPCATUSDT,POPCATUSDT,True,True,True,True,False,False,2024-04-22 00:00:00+00:00,0.274,,74.05088714285714,False,False
2024-04-22 00:00:00+00:00,GASUSDT,GASUSDT,True,True,True,True,True,True,2024-04-22 00:00:00+00:00,5.628,1.4555e-06,43.8,False,False
2024-04-29 00:00:00+00:00,POPCATUSDT,POPCATUSDT,True,True,True,True,False,False,2024-04-29 00:00:00+00:00,0.4483,,160.49748714285712,False,False
2024-04-29 00:00:00+00:00,ORCAUSDT,ORCAUSDT,True,False,False,False,False,False,2024-04-29 00:00:00+00:00,,,43.8,False,False
2024-04-29 00:00:00+00:00,MAGICUSDT,MAGICUSDT,True,True,True,True,True,True,2024-04-29 00:00:00+00:00,0.7981,0.7994,31.58313714285714,False,False
2024-05-06 00:00:00+00:00,POPCATUSDT,POPCATUSDT,True,True,True,True,False,False,2024-05-06 00:00:00+00:00,0.622,,87.72848,False,False
2024-05-06 00:00:00+00:00,ORCAUSDT,ORCAUSDT,True,False,False,False,False,False,2024-05-06 00:00:00+00:00,,,43.8,False,False
2024-05-06 00:00:00+00:00,NKNUSDT,NKNUSDT,True,False,False,True,False,False,2024-05-06 00:00:00+00:00,0.12271,,38.156682857142854,False,False
2024-05-13 00:00:00+00:00,POPCATUSDT,POPCATUSDT,True,True,True,True,False,False,2024-05-13 00:00:00+00:00,0.4122,,65.12038,False,False
2024-05-13 00:00:00+00:00,ORCAUSDT,ORCAUSDT,True,False,False,False,False,False,2024-05-13 00:00:00+00:00,,,43.8,False,False
2024-05-20 00:00:00+00:00,POPCATUSDT,POPCATUSDT,True,True,True,True,False,False,2024-05-20 00:00:00+00:00,0.3648,,128.2696557142857,False,False
2024-05-20 00:00:00+00:00,KASUSDT,KASUSDT,True,True,True,True,True,True,2024-05-20 00:00:00+00:00,0.12199,0.12202,54.22377428571428,False,False
2024-05-20 00:00:00+00:00,TAOUSDT,TAOUSDT,True,False,False,True,False,False,2024-05-20 00:00:00+00:00,366.33,,48.889768571428576,False,False
2024-05-20 00:00:00+00:00,BIGTIMEUSDT,BIGTIMEUSDT,True,False,False,True,False,False,2024-05-20 00:00:00+00:00,0.157,,46.93347285714286,False,False
2024-05-20 00:00:00+00:00,BRETTUSDT,BRETTUSDT,True,True,True,True,True,True,2024-05-20 00:00:00+00:00,0.042,0.04202,46.914492857142854,False,False
2024-05-27 00:00:00+00:00,1000000MOGUSDT,MOGUSDT,True,True,True,True,False,False,2024-05-27 00:00:00+00:00,1.2254,,144.42737142857143,False,False
2024-05-27 00:00:00+00:00,TAOUSDT,TAOUSDT,True,False,False,True,False,False,2024-05-27 00:00:00+00:00,441.96,,120.74804857142855,False,False
2024-05-27 00:00:00+00:00,SLERFUSDT,SLERFUSDT,True,False,False,True,False,False,2024-05-27 00:00:00+00:00,0.276,,95.07311428571428,False,False
2024-05-27 00:00:00+00:00,POPCATUSDT,POPCATUSDT,True,True,True,True,False,False,2024-05-27 00:00:00+00:00,0.445,,79.04429571428571,False,False
2024-06-03 00:00:00+00:00,1000000MOGUSDT,MOGUSDT,True,True,True,True,False,False,2024-06-03 00:00:00+00:00,1.2852,,88.06073428571429,False,False
2024-06-03 00:00:00+00:00,DEGENUSDT,DEGENUSDT,True,True,True,True,True,True,2024-06-03 00:00:00+00:00,0.02158,0.0215,87.59833142857143,False,False
2024-06-03 00:00:00+00:00,NOTUSDT,NOTUSDT,True,True,True,True,True,True,2024-06-03 00:00:00+00:00,0.024647,0.0246294,86.51292571428571,False,False
2024-06-03 00:00:00+00:00,TAOUSDT,TAOUSDT,True,False,False,True,False,False,2024-06-03 00:00:00+00:00,379.94,,83.23324428571429,False,False
2024-06-03 00:00:00+00:00,DOGUSDT,DOGUSDT,True,False,False,False,False,False,2024-06-03 00:00:00+00:00,,,81.5363690625,False,False
2024-06-10 00:00:00+00:00,GASUSDT,GASUSDT,True,True,True,True,True,True,2024-06-10 00:00:00+00:00,4.412,1.4555e-06,43.8,False,False
2024-06-10 00:00:00+00:00,ORCAUSDT,ORCAUSDT,True,False,False,False,False,False,2024-06-10 00:00:00+00:00,,,43.8,False,False
2024-06-10 00:00:00+00:00,ETHBTCUSDT,ETHBTCUSDT,True,False,False,True,False,False,2024-06-10 00:00:00+00:00,0.053411,,41.14968285714286,False,False
2024-06-10 00:00:00+00:00,MAGICUSDT,MAGICUSDT,True,True,True,True,True,True,2024-06-10 00:00:00+00:00,0.7807,0.7805,37.659657142857135,False,False
2024-06-10 00:00:00+00:00,POPCATUSDT,POPCATUSDT,True,True,True,True,False,False,2024-06-10 00:00:00+00:00,0.3839,,30.265904285714285,False,False
2024-06-17 00:00:00+00:00,ORCAUSDT,ORCAUSDT,True,False,False,False,False,False,2024-06-17 00:00:00+00:00,,,43.8,False,False
2024-06-24 00:00:00+00:00,ORCAUSDT,ORCAUSDT,True,False,False,False,False,False,2024-06-24 00:00:00+00:00,,,43.8,False,False
2024-06-24 00:00:00+00:00,POPCATUSDT,POPCATUSDT,True,True,True,True,True,True,2024-06-24 00:00:00+00:00,0.2605,0.2598,35.067009999999996,False,False
2024-06-24 00:00:00+00:00,1000000MOGUSDT,MOGUSDT,True,True,True,True,True,True,2024-06-24 00:00:00+00:00,0.987,9.89e-07,31.586891428571427,False,False
2024-06-24 00:00:00+00:00,SLERFUSDT,SLERFUSDT,True,False,False,True,False,False,2024-06-24 00:00:00+00:00,0.2329,,30.819869999999998,False,False
2024-07-01 00:00:00+00:00,GASUSDT,GASUSDT,True,True,True,True,True,True,2024-07-01 00:00:00+00:00,3.718,1.4555e-06,43.8,False,False
2024-07-01 00:00:00+00:00,ORCAUSDT,ORCAUSDT,True,False,False,False,False,False,2024-07-01 00:00:00+00:00,,,43.8,False,False
2024-07-01 00:00:00+00:00,SLERFUSDT,SLERFUSDT,True,False,False,True,False,False,2024-07-01 00:00:00+00:00,0.2603,,32.927797142857145,False,False
2024-07-01 00:00:00+00:00,PAXGUSDT,PAXGUSDT,True,True,True,True,True,True,2024-07-01 00:00:00+00:00,2311.0,2311.2672,32.00831,False,False
2024-07-08 00:00:00+00:00,ORCAUSDT,ORCAUSDT,True,False,False,False,False,False,2024-07-08 00:00:00+00:00,,,43.8,False,False
2024-07-15 00:00:00+00:00,AKTUSDT,AKTUSDT,True,False,False,True,False,False,2024-07-15 00:00:00+00:00,3.5,,64.42729714285714,False,False
2024-07-15 00:00:00+00:00,RAYDIUMUSDT,RAYDIUMUSDT,True,False,False,True,False,False,2024-07-15 00:00:00+00:00,1.8579,,59.279858571428576,False,False
2024-07-15 00:00:00+00:00,1000000PEIPEIUSDT,PEIPEIUSDT,True,False,False,True,False,False,2024-07-15 00:00:00+00:00,0.2692,,42.12193857142857,False,False
2024-07-15 00:00:00+00:00,1000000MOGUSDT,MOGUSDT,True,True,True,True,True,True,2024-07-15 00:00:00+00:00,1.9763,1.974e-06,32.71849571428571,False,False
2024-07-22 00:00:00+00:00,GASUSDT,GASUSDT,True,True,True,True,True,True,2024-07-22 00:00:00+00:00,3.986,1.4555e-06,43.8,False,False
2024-07-22 00:00:00+00:00,AKTUSDT,AKTUSDT,True,False,False,True,False,False,2024-07-22 00:00:00+00:00,3.551,,35.65434714285714,False,False
2024-07-22 00:00:00+00:00,POPCATUSDT,POPCATUSDT,True,True,True,True,True,True,2024-07-22 00:00:00+00:00,0.9334,0.9326,35.27349571428571,False,False
2024-07-22 00:00:00+00:00,TAOUSDT,TAOUSDT,True,False,False,True,False,False,2024-07-22 00:00:00+00:00,354.88,,34.96053428571428,False,False
2024-07-22 00:00:00+00:00,RENDERUSDT,RENDERUSDT,True,True,True,False,False,False,2024-07-22 00:00:00+00:00,,,31.96649142857143,False,False
2024-07-29 00:00:00+00:00,ORCAUSDT,ORCAUSDT,True,False,False,False,False,False,2024-07-29 00:00:00+00:00,,,42.31643142857143,False,False
2024-08-12 00:00:00+00:00,NEIROETHUSDT,NEIROETHUSDT,True,False,False,False,False,False,2024-08-12 00:00:00+00:00,,,114.72314999999999,False,False
2024-08-12 00:00:00+00:00,ORCAUSDT,ORCAUSDT,True,False,False,False,False,False,2024-08-12 00:00:00+00:00,,,43.8,False,False
2024-08-19 00:00:00+00:00,NEIROETHUSDT,NEIROETHUSDT,True,False,False,True,False,False,2024-08-19 00:00:00+00:00,0.1364,,80.13470714285715,False,False
2024-08-19 00:00:00+00:00,ORCAUSDT,ORCAUSDT,True,False,False,False,False,False,2024-08-19 00:00:00+00:00,,,43.8,False,False
2024-08-19 00:00:00+00:00,TAOUSDT,TAOUSDT,True,False,False,True,False,False,2024-08-19 00:00:00+00:00,280.34,,38.988882857142855,False,False
2024-08-26 00:00:00+00:00,NEIROETHUSDT,NEIROETHUSDT,True,False,False,True,False,False,2024-08-26 00:00:00+00:00,0.1282,,74.36478714285715,False,False
2024-08-26 00:00:00+00:00,SUNDOGUSDT,SUNDOGUSDT,True,True,True,False,False,False,2024-08-26 00:00:00+00:00,,,52.255699500000006,False,False
2024-08-26 00:00:00+00:00,ORCAUSDT,ORCAUSDT,True,False,False,False,False,False,2024-08-26 00:00:00+00:00,,,40.73775428571428,False,False
2024-08-26 00:00:00+00:00,PAXGUSDT,PAXGUSDT,True,True,True,True,True,True,2024-08-26 00:00:00+00:00,2510.0,2508.8808,34.04918142857142,False,False
2024-09-09 00:00:00+00:00,ORCAUSDT,ORCAUSDT,True,False,False,False,False,False,2024-09-09 00:00:00+00:00,,,43.8,False,False
2024-09-16 00:00:00+00:00,1000CATUSDT,CATUSDT,True,True,True,True,True,True,2024-09-16 00:00:00+00:00,0.03408,0.000572,86.28099428571429,False,False
2024-09-16 00:00:00+00:00,NEIROETHUSDT,NEIROETHUSDT,True,False,False,True,False,False,2024-09-16 00:00:00+00:00,0.1288,,45.77684,False,False
2024-09-16 00:00:00+00:00,ORCAUSDT,ORCAUSDT,True,False,False,False,False,False,2024-09-16 00:00:00+00:00,,,43.8,False,False
2024-09-23 00:00:00+00:00,1000MUMUUSDT,MUMUUSDT,True,False,False,False,False,False,2024-09-23 00:00:00+00:00,,,80.9155725,False,False
2024-09-23 00:00:00+00:00,NEIROETHUSDT,NEIROETHUSDT,True,False,False,True,False,False,2024-09-23 00:00:00+00:00,0.0833,,58.055544285714284,False,False
2024-09-23 00:00:00+00:00,TAOUSDT,TAOUSDT,True,False,False,True,False,False,2024-09-23 00:00:00+00:00,477.97,,47.845555714285716,False,False
2024-09-23 00:00:00+00:00,1000NEIROCTOUSDT,NEIROCTOUSDT,True,True,True,True,False,False,2024-09-23 00:00:00+00:00,0.82176,,46.74973090909091,False,False
2024-09-30 00:00:00+00:00,MOODENGUSDT,MOODENGUSDT,True,False,False,False,False,False,2024-09-30 00:00:00+00:00,,,76.70771294117647,False,False
2024-09-30 00:00:00+00:00,ORCAUSDT,ORCAUSDT,True,False,False,False,False,False,2024-09-30 00:00:00+00:00,,,43.8,False,False
2024-09-30 00:00:00+00:00,EIGENUSDT,EIGENUSDT,True,True,True,True,False,False,2024-09-30 00:00:00+00:00,3.8763,,40.37922,False,False
2024-09-30 00:00:00+00:00,NEIROETHUSDT,NEIROETHUSDT,True,False,False,True,False,False,2024-09-30 00:00:00+00:00,0.0742,,40.23415857142857,False,False
2024-10-07 00:00:00+00:00,MOODENGUSDT,MOODENGUSDT,True,False,False,True,False,False,2024-10-07 00:00:00+00:00,0.12612,,116.59799857142856,False,False
2024-10-07 00:00:00+00:00,1000MUMUUSDT,MUMUUSDT,True,False,False,True,False,False,2024-10-07 00:00:00+00:00,0.052902,,59.08724285714286,False,False
2024-10-07 00:00:00+00:00,RAYDIUMUSDT,RAYDIUMUSDT,True,False,False,True,False,False,2024-10-07 00:00:00+00:00,1.8503,,51.48377142857143,False,False
2024-10-07 00:00:00+00:00,10000WHYUSDT,WHYUSDT,True,False,False,True,False,False,2024-10-07 00:00:00+00:00,0.002627,,48.672645714285714,False,False
2024-10-07 00:00:00+00:00,NEIROETHUSDT,NEIROETHUSDT,True,False,False,True,False,False,2024-10-07 00:00:00+00:00,0.06704,,46.172082857142854,False,False
2024-10-14 00:00:00+00:00,RAYDIUMUSDT,RAYDIUMUSDT,True,False,False,True,False,False,2024-10-14 00:00:00+00:00,1.8118,,93.21036285714285,False,False
2024-10-14 00:00:00+00:00,1000MUMUUSDT,MUMUUSDT,True,False,False,True,False,False,2024-10-14 00:00:00+00:00,0.051575,,62.89101214285715,False,False
2024-10-14 00:00:00+00:00,MOODENGUSDT,MOODENGUSDT,True,False,False,True,False,False,2024-10-14 00:00:00+00:00,0.13161,,50.644167142857135,False,False
2024-10-14 00:00:00+00:00,TAOUSDT,TAOUSDT,True,False,False,True,False,False,2024-10-14 00:00:00+00:00,640.59,,48.74491571428572,False,False
2024-10-14 00:00:00+00:00,ORCAUSDT,ORCAUSDT,True,False,False,False,False,False,2024-10-14 00:00:00+00:00,,,43.8,False,False
2024-10-21 00:00:00+00:00,GOATUSDT,GOATUSDT,True,True,True,False,False,False,2024-10-21 00:00:00+00:00,,,128.25359571428572,False,False
2024-10-21 00:00:00+00:00,ORCAUSDT,ORCAUSDT,True,False,False,False,False,False,2024-10-21 00:00:00+00:00,,,84.32125714285715,False,False
2024-10-21 00:00:00+00:00,1000MUMUUSDT,MUMUUSDT,True,False,False,True,False,False,2024-10-21 00:00:00+00:00,0.072921,,61.414117857142855,False,False
2024-10-21 00:00:00+00:00,GASUSDT,GASUSDT,True,True,True,True,True,True,2024-10-21 00:00:00+00:00,4.484,1.4555e-06,41.19765428571428,False,False
2024-10-21 00:00:00+00:00,TAOUSDT,TAOUSDT,True,False,False,True,False,False,2024-10-21 00:00:00+00:00,603.88,,39.97678142857143,False,False
2024-10-28 00:00:00+00:00,1000MUMUUSDT,MUMUUSDT,True,False,False,True,False,False,2024-10-28 00:00:00+00:00,0.059402,,55.791918571428575,False,False
2024-10-28 00:00:00+00:00,1000NEIROCTOUSDT,NEIROCTOUSDT,True,True,True,True,False,False,2024-10-28 00:00:00+00:00,1.56726,,52.32306285714286,False,False
2024-10-28 00:00:00+00:00,RAYDIUMUSDT,RAYDIUMUSDT,True,False,False,True,False,False,2024-10-28 00:00:00+00:00,3.478,,51.75189,False,False
2024-10-28 00:00:00+00:00,HPOS10IUSDT,HPOS10IUSDT,True,True,True,True,False,False,2024-10-28 00:00:00+00:00,0.2472,,49.285585,False,False
2024-10-28 00:00:00+00:00,MOODENGUSDT,MOODENGUSDT,True,False,False,True,False,False,2024-10-28 00:00:00+00:00,0.19283,,44.08960142857143,False,False
2024-11-04 00:00:00+00:00,COWUSDT,COWUSDT,True,False,False,False,False,False,2024-11-04 00:00:00+00:00,,,239.38639714285713,False,False
2024-11-04 00:00:00+00:00,MOODENGUSDT,MOODENGUSDT,True,False,False,True,False,False,2024-11-04 00:00:00+00:00,0.15026,,129.38989285714285,False,False
2024-11-04 00:00:00+00:00,GOATUSDT,GOATUSDT,True,True,True,True,False,False,2024-11-04 00:00:00+00:00,0.5193,,120.23392,False,False
2024-11-04 00:00:00+00:00,KMNOUSDT,KMNOUSDT,True,True,True,True,True,True,2024-11-04 00:00:00+00:00,0.08398,0.08397,102.2553757142857,False,False
2024-11-04 00:00:00+00:00,1000NEIROCTOUSDT,NEIROCTOUSDT,True,True,True,True,False,False,2024-11-04 00:00:00+00:00,1.31623,,93.4318657142857,False,False
2024-11-11 00:00:00+00:00,SPXUSDT,SPXUSDT,True,True,True,True,False,False,2024-11-11 00:00:00+00:00,0.8194,,450.6586171428571,False,False
2024-11-11 00:00:00+00:00,HIPPOUSDT,HIPPOUSDT,True,False,False,False,False,False,2024-11-11 00:00:00+00:00,,,229.05249818181818,False,False
2024-11-11 00:00:00+00:00,FWOGUSDT,FWOGUSDT,True,False,False,False,False,False,2024-11-11 00:00:00+00:00,,,225.8054934375,False,False
2024-11-11 00:00:00+00:00,GOATUSDT,GOATUSDT,True,True,True,True,False,False,2024-11-11 00:00:00+00:00,0.9561,,200.91612714285714,False,False
2024-11-11 00:00:00+00:00,1000MUMUUSDT,MUMUUSDT,True,False,False,True,False,False,2024-11-11 00:00:00+00:00,0.063537,,193.47409000000002,False,False
2024-11-18 00:00:00+00:00,BANUSDT,BANUSDT,True,True,True,False,False,False,2024-11-18 00:00:00+00:00,,,246.37753578947368,False,False
2024-11-18 00:00:00+00:00,CHILLGUYUSDT,CHILLGUYUSDT,True,True,True,False,False,False,2024-11-18 00:00:00+00:00,,,232.43017500000002,False,False
2024-11-18 00:00:00+00:00,SPXUSDT,SPXUSDT,True,True,True,True,False,False,2024-11-18 00:00:00+00:00,0.6189,,198.2312914285714,False,False
2024-11-18 00:00:00+00:00,HIPPOUSDT,HIPPOUSDT,True,False,False,False,False,False,2024-11-18 00:00:00+00:00,,,173.7422942857143,False,False
2024-11-18 00:00:00+00:00,GOATUSDT,GOATUSDT,True,True,True,True,True,True,2024-11-18 00:00:00+00:00,1.1986,1.1966,162.8408914285714,False,False
2024-11-25 00:00:00+00:00,HIPPOUSDT,HIPPOUSDT,True,False,False,False,False,False,2024-11-25 00:00:00+00:00,,,221.94200428571426,False,False
2024-11-25 00:00:00+00:00,AEROUSDT,AEROUSDT,True,True,True,True,False,False,2024-11-25 00:00:00+00:00,1.3591,,190.39839142857141,False,False
2024-11-25 00:00:00+00:00,AKTUSDT,AKTUSDT,True,False,False,True,False,False,2024-11-25 00:00:00+00:00,3.764,,163.89605428571429,False,False
2024-11-25 00:00:00+00:00,BANUSDT,BANUSDT,True,True,True,True,True,True,2024-11-25 00:00:00+00:00,0.1296,0.1295,159.4639114285714,False,False
2024-11-25 00:00:00+00:00,RAYDIUMUSDT,RAYDIUMUSDT,True,False,False,True,False,False,2024-11-25 00:00:00+00:00,6.0225,,146.82385714285715,False,False
2024-12-02 00:00:00+00:00,GASUSDT,GASUSDT,True,True,True,True,True,True,2024-12-02 00:00:00+00:00,6.261,1.4555e-06,290.37230857142856,False,False
2024-12-02 00:00:00+00:00,AKTUSDT,AKTUSDT,True,False,False,True,False,False,2024-12-02 00:00:00+00:00,4.336,,262.55075714285715,False,False
2024-12-02 00:00:00+00:00,RAYDIUMUSDT,RAYDIUMUSDT,True,False,False,True,False,False,2024-12-02 00:00:00+00:00,5.2576,,256.9404985714286,False,False
2024-12-02 00:00:00+00:00,HIPPOUSDT,HIPPOUSDT,True,False,False,False,False,False,2024-12-02 00:00:00+00:00,,,252.90203428571428,False,False
2024-12-09 00:00:00+00:00,HIPPOUSDT,HIPPOUSDT,True,False,False,False,False,False,2024-12-09 00:00:00+00:00,,,85.21404714285715,False,False
2024-12-09 00:00:00+00:00,ORCAUSDT,ORCAUSDT,True,False,False,False,False,False,2024-12-09 00:00:00+00:00,,,61.59281142857143,False,False
2024-12-09 00:00:00+00:00,KOMAUSDT,KOMAUSDT,True,False,False,False,False,False,2024-12-09 00:00:00+00:00,,,61.078415625,False,False
2024-12-09 00:00:00+00:00,1000000BABYDOGEUSDT,BABYDOGEUSDT,True,True,True,True,True,True,2024-12-09 00:00:00+00:00,0.0041251,4.124e-09,60.853947142857145,False,False
2024-12-16 00:00:00+00:00,AIXBTUSDT,AIXBTUSDT,True,True,True,False,False,False,2024-12-16 00:00:00+00:00,,,80.37550285714288,False,False
2024-12-16 00:00:00+00:00,FARTCOINUSDT,FARTCOINUSDT,True,False,False,False,False,False,2024-12-16 00:00:00+00:00,,,76.45477714285714,False,False
2024-12-16 00:00:00+00:00,HIPPOUSDT,HIPPOUSDT,True,False,False,False,False,False,2024-12-16 00:00:00+00:00,,,53.18915571428571,False,False
2024-12-16 00:00:00+00:00,ORCAUSDT,ORCAUSDT,True,False,False,False,False,False,2024-12-16 00:00:00+00:00,,,44.64033428571428,False,False
2024-12-23 00:00:00+00:00,HYPEUSDT,HYPEUSDT,True,False,False,True,False,False,2024-12-23 00:00:00+00:00,26.436,,62.54812071428571,False,False
2024-12-23 00:00:00+00:00,10000QUBICUSDT,QUBICUSDT,True,False,False,False,False,False,2024-12-23 00:00:00+00:00,,,57.896961562499996,False,False
2024-12-23 00:00:00+00:00,AIXBTUSDT,AIXBTUSDT,True,True,True,True,False,False,2024-12-23 00:00:00+00:00,0.2691,,48.112318571428574,False,False
2024-12-23 00:00:00+00:00,FARTCOINUSDT,FARTCOINUSDT,True,False,False,False,False,False,2024-12-23 00:00:00+00:00,,,44.05404,False,False
2024-12-23 00:00:00+00:00,GASUSDT,GASUSDT,True,True,True,True,True,True,2024-12-23 00:00:00+00:00,4.423,1.4555e-06,43.8,False,False
2024-12-30 00:00:00+00:00,ARCUSDT,ARCUSDT,True,False,False,False,False,False,2024-12-30 00:00:00+00:00,,,108.55406599999999,False,False
2024-12-30 00:00:00+00:00,FARTCOINUSDT,FARTCOINUSDT,True,False,False,False,False,False,2024-12-30 00:00:00+00:00,,,105.08808857142859,False,False
2024-12-30 00:00:00+00:00,AIXBTUSDT,AIXBTUSDT,True,True,True,True,False,False,2024-12-30 00:00:00+00:00,0.4901,,87.78833999999999,False,False
2024-12-30 00:00:00+00:00,GRIFFAINUSDT,GRIFFAINUSDT,True,False,False,False,False,False,2024-12-30 00:00:00+00:00,,,75.00499714285715,False,False
2024-12-30 00:00:00+00:00,HIPPOUSDT,HIPPOUSDT,True,False,False,False,False,False,2024-12-30 00:00:00+00:00,,,67.78310714285715,False,False
2025-01-06 00:00:00+00:00,FARTCOINUSDT,FARTCOINUSDT,True,False,False,True,False,False,2025-01-06 00:00:00+00:00,1.268,,82.37695428571429,False,False
2025-01-06 00:00:00+00:00,HIPPOUSDT,HIPPOUSDT,True,False,False,True,False,False,2025-01-06 00:00:00+00:00,0.01094,,57.54204142857142,False,False
2025-01-06 00:00:00+00:00,ORCAUSDT,ORCAUSDT,True,False,False,True,False,False,2025-01-06 00:00:00+00:00,4.095,,43.8,False,False
2025-01-06 00:00:00+00:00,COWUSDT,COWUSDT,True,False,False,True,False,False,2025-01-06 00:00:00+00:00,0.9562,,43.8,False,False
2025-01-06 00:00:00+00:00,MAGICUSDT,MAGICUSDT,True,True,True,True,True,True,2025-01-06 00:00:00+00:00,0.5824,0.5823,43.17699714285714,False,False
2025-01-13 00:00:00+00:00,HYPEUSDT,HYPEUSDT,True,False,False,True,False,False,2025-01-13 00:00:00+00:00,22.711,,47.33273071428572,False,False
2025-01-13 00:00:00+00:00,PAXGUSDT,PAXGUSDT,True,True,True,True,True,True,2025-01-13 00:00:00+00:00,2701.0,2697.0,40.44658857142857,False,False
2025-01-13 00:00:00+00:00,AI16ZUSDT,AI16ZUSDT,True,True,True,True,True,True,2025-01-13 00:00:00+00:00,1.104,1.1032,40.34902928571429,False,False
2025-01-13 00:00:00+00:00,GRIFFAINUSDT,GRIFFAINUSDT,True,False,False,True,False,False,2025-01-13 00:00:00+00:00,0.3561,,39.457542857142855,False,False
2025-01-20 00:00:00+00:00,MELANIAUSDT,MELANIAUSDT,True,False,False,False,False,False,2025-01-20 00:00:00+00:00,,,51.3085245,False,False
2025-01-20 00:00:00+00:00,ARCUSDT,ARCUSDT,True,False,False,True,False,False,2025-01-20 00:00:00+00:00,0.37906,,45.32262357142857,False,False
2025-01-20 00:00:00+00:00,HYPEUSDT,HYPEUSDT,True,False,False,True,False,False,2025-01-20 00:00:00+00:00,19.584,,41.713764285714284,False,False
2025-01-20 00:00:00+00:00,RAYDIUMUSDT,RAYDIUMUSDT,True,False,False,True,False,False,2025-01-20 00:00:00+00:00,6.1073,,39.36045285714286,False,False
2025-01-27 00:00:00+00:00,RAYDIUMUSDT,RAYDIUMUSDT,True,False,False,True,False,False,2025-01-27 00:00:00+00:00,7.0028,,35.62274857142857,False,False
2025-02-17 00:00:00+00:00,SOLAYERUSDT,SOLAYERUSDT,True,False,False,True,False,False,2025-02-17 00:00:00+00:00,0.7271,,124.80549285714285,False,False
2025-02-17 00:00:00+00:00,RAYDIUMUSDT,RAYDIUMUSDT,True,False,False,True,False,False,2025-02-17 00:00:00+00:00,5.0433,,91.69498714285714,False,False
2025-02-17 00:00:00+00:00,NEIROETHUSDT,NEIROETHUSDT,True,False,False,True,False,False,2025-02-17 00:00:00+00:00,0.02015,,50.47595428571429,False,False
2025-02-17 00:00:00+00:00,ACTUSDT,ACTUSDT,True,False,False,True,False,False,2025-02-17 00:00:00+00:00,0.1841,,37.58905571428571,False,False
2025-02-17 00:00:00+00:00,10000QUBICUSDT,QUBICUSDT,True,False,False,True,False,False,2025-02-17 00:00:00+00:00,0.0162,,37.376625714285716,False,False
2025-02-24 00:00:00+00:00,MAGICUSDT,MAGICUSDT,True,True,True,True,True,True,2025-02-24 00:00:00+00:00,0.2426,0.2432,43.8,False,False
2025-02-24 00:00:00+00:00,FBUSDT,FBUSDT,True,True,True,True,True,True,2025-02-24 00:00:00+00:00,1.206,0.5581,39.90732714285714,False,False
2025-02-24 00:00:00+00:00,SOLAYERUSDT,SOLAYERUSDT,True,False,False,True,False,False,2025-02-24 00:00:00+00:00,0.6719,,36.364428571428576,False,False
2025-02-24 00:00:00+00:00,10000QUBICUSDT,QUBICUSDT,True,False,False,True,False,False,2025-02-24 00:00:00+00:00,0.01554,,30.981356428571427,False,False
2025-02-24 00:00:00+00:00,FARTCOINUSDT,FARTCOINUSDT,True,False,False,True,False,False,2025-02-24 00:00:00+00:00,1.1262,,30.740873571428573,False,False
2025-03-24 00:00:00+00:00,MAGICUSDT,MAGICUSDT,True,True,True,True,True,True,2025-03-24 00:00:00+00:00,0.1404,0.1406,33.11801428571429,False,False
2025-04-14 00:00:00+00:00,JELLYJELLYUSDT,JELLYJELLYUSDT,True,False,False,True,False,False,2025-04-14 00:00:00+00:00,0.012213,,44.48328,False,False
2025-04-21 00:00:00+00:00,SOLAYERUSDT,SOLAYERUSDT,True,False,False,True,False,False,2025-04-21 00:00:00+00:00,0.8315,,57.30896285714285,False,False
2025-04-21 00:00:00+00:00,JELLYJELLYUSDT,JELLYJELLYUSDT,True,False,False,True,False,False,2025-04-21 00:00:00+00:00,0.011613,,52.69922142857143,False,False
2025-04-21 00:00:00+00:00,FARTCOINUSDT,FARTCOINUSDT,True,False,False,True,False,False,2025-04-21 00:00:00+00:00,1.1262,,43.48709071428571,False,False
2025-04-21 00:00:00+00:00,BROCCOLIUSDT,BROCCOLIUSDT,True,False,False,True,False,False,2025-04-21 00:00:00+00:00,0.02651,,43.39485,False,False
2025-04-21 00:00:00+00:00,STOUSDT,STOUSDT,True,False,False,True,False,False,2025-04-21 00:00:00+00:00,0.10741,,33.30828357142857,False,False
2025-04-28 00:00:00+00:00,SOLAYERUSDT,SOLAYERUSDT,True,False,False,True,False,False,2025-04-28 00:00:00+00:00,0.8315,,98.64422918918919,False,False
2025-04-28 00:00:00+00:00,JELLYJELLYUSDT,JELLYJELLYUSDT,True,False,False,True,False,False,2025-04-28 00:00:00+00:00,0.032277,,59.12400631578947,False,False
2025-04-28 00:00:00+00:00,MICHIUSDT,MICHIUSDT,True,False,False,True,False,False,2025-04-28 00:00:00+00:00,0.04308,,54.05796,False,False
2025-04-28 00:00:00+00:00,REXUSDT,REXUSDT,True,False,False,True,False,False,2025-04-28 00:00:00+00:00,0.01501,,39.149973,False,False
2025-04-28 00:00:00+00:00,FARTCOINUSDT,FARTCOINUSDT,True,False,False,True,False,False,2025-04-28 00:00:00+00:00,1.1262,,37.585356315789475,False,False
